Salary,Age,Exp,Gender,Education
83684,54,34,Male,PG
59808,22,0,Female,PG
61014,40,21,Male,PG
59440,23,3,Male,PG
59793,47,25,Male,UG
84127,53,32,Female,PG
25921,27,3,Male,12th
51636,53,32,Male,12th
21224,25,5,Male,12th
41825,32,12,Female,UG
53456,38,14,Male,UG
43233,45,23,Male,12th
61068,26,3,Male,PG
70345,55,31,Male,UG
24073,27,4,Female,12th
61832,43,24,Male,UG
28315,32,9,Female,12th
64791,37,15,Female,PG
51179,54,35,Female,12th
60934,30,7,Male,PG
55879,27,8,Female,PG
31317,37,14,Male,12th
48949,50,28,Female,12th
42779,24,1,Female,PG
59939,41,18,Female,PG
70034,40,17,Female,PG
68774,47,23,Female,PG
17109,24,0,Female,12th
50800,40,16,Female,UG
41962,41,19,Female,12th
86094,53,34,Male,PG
46448,28,8,Male,UG
57497,54,31,Female,UG
35868,39,16,Female,12th
27971,22,0,Female,UG
41707,32,9,Male,UG
71213,49,25,Female,PG
59103,46,26,Male,UG
66938,44,23,Male,PG
60906,52,29,Male,UG
44425,51,27,Male,12th
53044,28,7,Male,PG
69551,37,17,Female,PG
54710,47,26,Female,UG
51458,23,0,Female,PG
37831,22,3,Female,UG
49658,33,14,Female,UG
38885,26,5,Male,UG
48475,53,31,Female,12th
25642,30,9,Female,12th
41514,40,17,Male,12th
45922,37,14,Female,UG
42943,24,5,Male,UG
57709,41,19,Female,UG
78153,45,21,Male,PG
55746,54,31,Female,12th
56561,45,26,Female,UG
54298,32,12,Male,PG
28233,29,10,Male,12th
40893,41,18,Male,12th
39387,46,23,Male,12th
52133,46,27,Male,12th
68828,50,26,Male,PG
63046,39,18,Male,PG
45358,39,16,Male,UG
48416,23,4,Female,PG
65049,37,18,Female,PG
53230,54,32,Male,12th
57888,25,4,Female,PG
63901,54,34,Female,UG
66984,35,11,Female,PG
71594,42,22,Female,PG
50161,41,20,Male,UG
27892,29,8,Female,12th
24042,28,7,Male,12th
39359,24,4,Female,UG
60843,38,17,Female,PG
91671,54,35,Female,PG
36450,33,13,Male,12th
58698,43,22,Female,UG
50281,43,24,Male,UG
53190,51,29,Female,12th
30689,29,8,Male,12th
57261,48,28,Female,UG
69002,48,25,Male,PG
60843,55,34,Male,UG
52798,42,19,Female,UG
76999,51,32,Male,PG
65617,54,32,Female,UG
75789,49,25,Female,PG
71315,54,32,Female,PG
27715,26,5,Female,12th
48850,40,17,Female,UG
28703,25,2,Female,UG
40844,38,18,Female,12th
50314,49,26,Female,12th
66595,51,31,Female,UG
61249,50,31,Female,UG
20553,27,3,Female,12th
42987,45,24,Male,12th
