,Loan_Status,Applicant_Income,Loan_Amount,Loan_Tenure,Gender,Dependents,Marriage_Status,Occupation,Credit_Score,DOB
0,Yes,674507.0,122980,15,Female,Yes,Yes,Business,Medium,1976
1,Yes,579260.0,111180,10,,No,Yes,Job,High,1974
2,No,697153.0,93364,5,Male,Yes,No,Job,Medium,1990
3,Yes,828454.0,188090,5,Female,Yes,Yes,Job,High,1973
4,No,564876.0,92806,5,Female,Yes,Yes,Business,Low,1973
5,No,564879.0,68431,10,Female,Yes,No,Business,Medium,1970
6,Yes,836881.0,167065,15,Female,Yes,Yes,Job,Medium,1974
7,Yes,715115.0,94690,10,,Yes,No,Job,Medium,1978
8,Yes,529578.0,60707,20,Female,No,Yes,Job,Medium,1982
9,Yes,681384.0,156240,5,Female,Yes,No,Job,Medium,1994
10,Yes,,89665,15,Female,Yes,No,Job,Medium,1990
11,Yes,530140.0,112597,15,,Yes,No,Job,Medium,1977
12,No,636294.0,91364,10,,Yes,No,Job,Medium,1998
13,Yes,,68249,5,Male,No,No,Business,Medium,1988
14,No,341262.0,39856,15,,No,Yes,Job,High,1990
15,No,515656.0,79099,10,,Yes,Yes,Business,Low,1984
16,No,448075.0,110544,20,Female,Yes,Yes,Business,Medium,1985
17,Yes,647137.0,141786,15,Female,Yes,No,Business,Medium,1993
18,Yes,463796.0,80973,20,Male,No,Yes,Business,Low,1987
19,Yes,388154.0,58598,10,Male,No,No,Job,High,1994
20,No,819847.0,189237,15,Female,No,No,Job,Low,1985
21,No,566133.0,102881,15,,No,Yes,Job,Low,1992
22,Yes,610129.0,130423,15,Female,Yes,No,Business,Low,1977
23,No,386287.0,82323,10,Female,No,Yes,Job,Low,1996
24,Yes,,53229,15,Male,No,No,Business,Medium,1999
25,Yes,,73341,10,Male,Yes,No,Job,High,1999
26,Yes,427350.0,85018,15,,Yes,Yes,Job,Medium,1978
27,Yes,656354.0,81547,10,Female,No,No,Job,Medium,1983
28,Yes,509904.0,70531,20,Male,No,Yes,Job,High,1985
29,No,556245.0,134608,5,Female,No,No,Job,Medium,1980
30,No,509744.0,93806,20,Male,No,Yes,Business,Medium,1983
31,No,877841.0,186637,20,Female,Yes,No,Job,Low,1984
32,No,597975.0,109846,20,Female,Yes,Yes,Job,Low,1984
33,No,441343.0,80711,15,Male,No,Yes,Business,Low,1979
34,Yes,,82554,10,,No,No,Job,Medium,1971
35,No,416873.0,63176,25,Male,No,Yes,Job,Low,1994
36,Yes,631329.0,89878,10,Female,No,No,Job,Low,1978
37,Yes,306049.0,48542,15,,No,No,Business,Medium,1975
38,Yes,400772.0,88070,15,Female,Yes,Yes,Business,High,2000
39,No,629529.0,98074,15,Female,Yes,Yes,Job,Low,1991
40,No,3553845.0,1192346,10,Male,Yes,Yes,Business,Low,1995
41,No,625705.0,99867,15,Female,No,Yes,Job,Medium,1998
42,Yes,582652.0,66428,20,,No,Yes,Job,High,1991
43,No,554834.0,92191,5,Female,Yes,No,Job,Medium,1989
44,No,378221.0,48919,20,Male,Yes,Yes,Job,High,1988
45,No,492023.0,62983,5,Female,No,No,Job,Low,1982
46,No,530904.0,60579,10,Female,Yes,Yes,Business,Low,1972
47,Yes,758568.0,116440,5,Male,No,Yes,Business,High,1974
48,No,651542.0,139183,5,Female,No,Yes,Job,Medium,1981
49,Yes,335543.0,47468,20,Female,Yes,No,Job,High,1972
50,No,648612.0,95250,10,Male,Yes,Yes,Job,Medium,1980
51,No,542237.0,106495,10,,Yes,No,Job,Medium,1991
52,No,498461.0,64488,10,Female,No,No,Job,Medium,1977
53,No,691751.0,162245,15,Female,No,No,Business,Medium,1992
54,Yes,754649.0,134349,15,,Yes,Yes,Business,High,1983
55,Yes,739692.0,123632,10,Female,No,No,Business,Medium,1985
56,Yes,474117.0,87082,10,Female,No,Yes,Job,High,1986
57,Yes,553618.0,69149,20,Male,No,No,Job,Medium,1998
58,Yes,649689.0,124753,10,Male,Yes,Yes,Job,High,1985
59,No,746331.0,115282,10,,No,No,Job,Medium,1994
60,No,528123.0,123886,10,,Yes,Yes,Job,Low,1994
61,No,572151.0,71706,15,,Yes,Yes,Job,Low,1981
62,No,434049.0,76417,10,Female,No,Yes,Business,Low,1997
63,No,420569.0,79789,15,,Yes,No,Job,Low,1989
64,No,721878.0,75802,10,Female,No,No,Job,High,1995
65,Yes,803436.0,124174,25,Male,Yes,Yes,Business,High,1994
66,No,589198.0,123669,10,Male,Yes,No,Job,Medium,1996
67,No,750529.0,167410,15,Female,No,No,Job,Low,1992
68,No,654245.0,96157,10,Female,Yes,No,Business,Low,1998
69,Yes,503232.0,110604,10,Male,Yes,No,Job,High,1970
70,Yes,,160388,15,Male,Yes,No,Job,Medium,1985
71,Yes,830705.0,189841,10,Female,No,No,Business,High,1994
72,Yes,594626.0,69955,20,Male,No,No,Job,Medium,1974
73,Yes,834696.0,176087,20,,Yes,Yes,Business,Medium,1992
74,No,207038.0,30631,20,Female,Yes,Yes,Job,High,1995
75,No,723285.0,179564,5,Male,Yes,No,Business,Medium,1994
76,Yes,613057.0,105938,15,Male,No,Yes,Job,Medium,1976
77,No,555148.0,65710,10,Female,No,Yes,Job,Medium,1991
78,No,613764.0,128140,20,Male,Yes,Yes,Business,High,1996
79,No,301864.0,44812,15,Female,No,No,Job,Low,1973
80,Yes,2835245.0,2122704,20,Female,No,No,Job,Medium,1978
81,Yes,653566.0,161409,10,,No,No,Job,Low,1979
82,No,821684.0,163038,15,,No,No,Job,Low,1993
83,Yes,522259.0,62396,5,Female,Yes,No,Job,High,1995
84,No,478725.0,97195,15,Female,No,Yes,Business,High,1979
85,Yes,524736.0,59796,10,Female,No,No,Business,Medium,2000
86,No,737310.0,76978,15,Female,Yes,Yes,Job,High,1974
87,No,649312.0,145084,15,Female,Yes,No,Job,Low,1982
88,No,520535.0,68431,15,Female,No,Yes,Business,Medium,1979
89,Yes,676990.0,106188,10,Female,No,No,Job,Low,1970
90,No,1843683.0,1360740,15,Female,Yes,No,Business,High,1980
91,No,745296.0,112186,10,Female,Yes,No,Job,Medium,1980
92,No,,71469,10,Female,Yes,No,Business,Medium,1997
93,Yes,,130954,5,Female,No,No,Business,High,1995
94,Yes,541183.0,63108,10,Male,No,No,Job,Medium,1978
95,No,380472.0,81397,10,Female,Yes,Yes,Business,Low,1992
96,Yes,644418.0,159950,15,Female,No,No,Job,Medium,1970
97,Yes,639158.0,150326,5,Female,Yes,Yes,Business,Medium,1992
98,Yes,600767.0,118801,10,,No,No,Job,High,1999
99,Yes,564811.0,83088,20,Female,Yes,Yes,Job,Medium,1982
100,No,387694.0,53559,5,,Yes,Yes,Business,Low,1974
101,Yes,536903.0,119669,15,Female,No,Yes,Job,Low,1974
102,Yes,548592.0,127258,15,Female,No,Yes,Job,Medium,1971
103,No,,85770,20,Male,No,Yes,Job,Low,1977
104,No,575807.0,78684,15,,No,Yes,Job,Medium,1989
105,Yes,660607.0,77252,15,Male,No,No,Job,High,1993
106,Yes,882927.0,99838,20,Male,No,Yes,Business,High,1990
107,No,626186.0,130160,10,Female,Yes,No,Business,Low,1973
108,No,638632.0,104108,20,Female,No,No,Job,High,1975
109,No,,138849,5,Female,Yes,Yes,Job,Medium,1984
110,No,312184.0,65855,20,Female,Yes,Yes,Business,Medium,1986
111,Yes,,76701,10,,No,No,Job,Medium,1973
112,No,609034.0,116975,15,Male,Yes,Yes,Job,Medium,1979
113,Yes,969486.0,160281,10,Female,Yes,Yes,Job,High,1988
114,Yes,571145.0,106568,15,Male,No,Yes,Business,High,1972
115,Yes,645232.0,135957,5,Male,No,Yes,Job,Medium,1991
116,No,,131407,20,Female,No,Yes,Business,Medium,1987
117,Yes,424698.0,96219,20,,Yes,Yes,Job,Medium,1972
118,Yes,,106530,10,Male,No,Yes,Job,Medium,1987
119,No,712789.0,74605,20,Female,No,No,Job,High,1991
120,Yes,718654.0,151559,15,,No,Yes,Business,Low,1979
121,Yes,463591.0,53754,15,,No,No,Business,Medium,1970
122,Yes,810419.0,119324,10,Male,Yes,No,Job,High,1982
123,Yes,389722.0,39195,10,,No,No,Job,Medium,1973
124,Yes,688028.0,139153,10,,Yes,No,Business,Low,1972
125,No,,116135,10,Male,No,Yes,Job,Low,1998
126,Yes,451419.0,89512,20,,Yes,No,Business,High,1985
127,No,515055.0,128125,5,Female,Yes,No,Business,Medium,1996
128,Yes,614947.0,68198,20,Female,Yes,No,Business,High,1980
129,Yes,524478.0,58511,10,Female,No,No,Business,High,1999
130,No,367400.0,55498,15,Male,Yes,No,Business,Medium,1982
131,No,610284.0,140339,15,Male,No,Yes,Job,Medium,1982
132,No,440654.0,58311,20,Male,No,Yes,Job,Medium,1996
133,No,671038.0,103377,10,Female,No,No,Job,Medium,1974
134,No,462086.0,50956,10,Male,No,Yes,Business,High,1974
135,No,832490.0,178546,10,Male,No,Yes,Business,Medium,1970
136,Yes,482512.0,77803,5,Female,Yes,No,Business,High,1981
137,Yes,,117999,10,Female,No,No,Business,High,1980
138,Yes,722027.0,170067,10,,Yes,No,Job,Medium,1995
139,No,415370.0,56039,10,Female,Yes,Yes,Job,Medium,1995
140,No,634118.0,140209,15,,Yes,No,Business,High,1982
141,No,,86663,10,Male,Yes,Yes,Business,Medium,1989
142,No,358877.0,84274,10,Female,Yes,Yes,Business,High,1997
143,Yes,,124042,10,Male,Yes,Yes,Business,High,1998
144,Yes,638982.0,147690,15,Female,Yes,No,Job,Medium,2000
145,Yes,,71747,20,Female,No,Yes,Business,High,1981
146,No,414457.0,51957,15,Male,Yes,No,Job,Medium,1977
147,No,401931.0,63691,15,,No,No,Job,High,1971
148,No,,106441,10,Male,Yes,No,Job,Medium,1981
149,Yes,644547.0,86375,15,Female,Yes,No,Job,High,1981
150,Yes,637573.0,100253,10,Male,Yes,No,Job,High,1979
151,No,651967.0,77797,10,Female,Yes,Yes,Business,Medium,1994
152,No,497996.0,80632,15,,No,Yes,Job,Low,1975
153,Yes,634838.0,139888,20,Male,No,Yes,Job,High,1984
154,No,643960.0,110671,5,Female,No,Yes,Business,Medium,1972
155,Yes,492847.0,50615,15,Male,Yes,Yes,Job,Medium,1990
156,No,,143608,15,Male,Yes,No,Job,Medium,1992
157,No,671074.0,69842,5,Male,Yes,No,Job,Low,1994
158,Yes,421304.0,103192,10,Male,No,Yes,Business,High,2000
159,No,698483.0,83201,10,Male,Yes,Yes,Business,Low,1976
160,Yes,453797.0,93551,5,Male,No,Yes,Job,Medium,1991
161,No,2872248.0,1412666,10,Male,No,No,Business,Medium,2000
162,No,773789.0,173255,10,Female,Yes,No,Job,Low,1993
163,Yes,476897.0,97714,10,Male,Yes,No,Job,Medium,1976
164,Yes,744506.0,168198,15,Female,No,Yes,Business,Medium,1990
165,Yes,661917.0,163672,15,,No,Yes,Job,Medium,1997
166,Yes,723309.0,139744,25,Female,No,Yes,Job,Medium,1972
167,Yes,884518.0,162643,10,Male,Yes,Yes,Business,High,1998
168,Yes,563191.0,109391,15,Female,Yes,No,Job,Medium,1988
169,Yes,1947756.0,1051209,20,Female,Yes,Yes,Job,High,1985
170,Yes,466572.0,91104,15,Male,Yes,Yes,Job,Low,1970
171,No,477628.0,79991,10,,Yes,Yes,Job,Low,1979
172,Yes,588434.0,78124,15,Female,Yes,No,Job,Medium,1982
173,No,651172.0,76862,10,Male,No,No,Job,Medium,1998
174,No,641503.0,70726,10,Male,No,Yes,Job,High,1970
175,Yes,2172231.0,909060,15,Male,No,No,Job,High,1982
176,No,601950.0,64359,15,,Yes,No,Job,Low,1992
177,Yes,818030.0,151397,5,Female,No,No,Job,High,1994
178,No,560301.0,79884,20,Male,Yes,No,Business,Medium,2000
179,Yes,1008025.0,225475,15,Male,Yes,No,Job,Low,1970
180,No,693850.0,77111,10,Male,No,Yes,Job,Low,1983
181,No,1885704.0,505190,20,Female,Yes,Yes,Business,Medium,1975
182,Yes,439366.0,92063,10,Female,No,Yes,Job,Medium,1999
183,Yes,672370.0,127630,25,Male,No,No,Business,Medium,2000
184,No,,62127,15,,Yes,No,Business,Low,1996
185,No,,163754,5,Female,No,No,Job,Medium,1976
186,Yes,2012955.0,1398534,15,,No,No,Job,Medium,1984
187,No,589075.0,88102,15,Male,No,Yes,Business,High,1986
188,Yes,,71448,15,Female,No,Yes,Job,High,1981
189,No,372772.0,92579,25,Male,Yes,Yes,Job,Medium,1982
190,No,533022.0,103367,15,Male,No,Yes,Business,Low,1997
191,Yes,728459.0,130902,15,Female,No,Yes,Job,Low,1994
192,No,632114.0,142682,20,Female,No,Yes,Job,Low,1978
193,Yes,2065695.0,884901,15,Male,Yes,No,Job,Medium,1983
194,Yes,,102896,10,Female,No,No,Job,Medium,1977
195,No,657797.0,92201,20,Male,Yes,Yes,Job,Low,1993
196,No,467421.0,102072,10,Male,No,No,Business,Medium,1987
197,No,623058.0,115890,15,Male,No,Yes,Business,Medium,1972
198,No,3043655.0,1210300,20,Female,No,Yes,Job,Medium,1975
199,No,428554.0,59074,15,Female,Yes,No,Job,Low,1998
200,Yes,653668.0,86959,15,,Yes,Yes,Business,High,1974
201,No,684117.0,118527,15,,Yes,Yes,Job,Low,1986
202,Yes,762457.0,160600,10,Female,Yes,Yes,Job,High,1993
203,Yes,758070.0,135532,20,,Yes,No,Business,Medium,1972
204,Yes,393349.0,41261,10,Female,Yes,No,Business,Medium,1989
205,Yes,,105774,5,Male,No,No,Business,Medium,1985
206,No,677255.0,74296,10,,Yes,No,Job,Medium,1972
207,No,,164780,15,Female,No,Yes,Business,Low,1996
208,No,677257.0,70279,15,,Yes,No,Job,Medium,1973
209,Yes,,240490,20,Male,Yes,No,Job,High,1998
210,Yes,685633.0,77017,10,,Yes,No,Job,Medium,1989
211,Yes,,182262,10,Female,No,Yes,Business,High,1972
212,Yes,,126078,5,Male,Yes,No,Job,High,1993
213,Yes,697708.0,84163,10,Male,Yes,No,Job,Medium,1989
214,Yes,552709.0,83526,15,Male,No,Yes,Job,Low,1996
215,Yes,,89033,5,Male,No,Yes,Job,Medium,1970
216,Yes,,60793,10,Female,No,Yes,Job,Medium,1985
217,Yes,,136725,10,Male,No,Yes,Job,Medium,2000
218,No,527195.0,87929,5,Female,Yes,No,Business,High,1978
219,No,612281.0,133673,10,Female,No,Yes,Business,Low,1990
220,No,,185594,5,Female,Yes,No,Business,Medium,1997
221,No,959730.0,580053,15,Male,Yes,No,Job,Low,1977
222,Yes,702939.0,84179,20,Female,No,No,Business,High,1995
223,Yes,358092.0,48388,15,Male,Yes,No,Business,High,1981
224,No,2116840.0,1384491,25,Male,No,No,Job,Low,1994
225,No,763342.0,187488,10,Male,Yes,Yes,Business,Medium,1980
226,Yes,,84984,15,Female,No,No,Business,High,1997
227,No,438338.0,61689,25,Male,No,No,Business,High,1976
228,No,492704.0,84220,10,Male,No,No,Job,Low,1979
229,Yes,701939.0,173783,20,,No,Yes,Job,Medium,1985
230,Yes,490445.0,68830,5,Female,No,No,Business,Medium,1984
231,No,632468.0,101856,10,,No,No,Job,Medium,1978
232,No,606835.0,141830,5,Female,Yes,Yes,Job,Medium,1996
233,No,502259.0,50445,15,,Yes,No,Job,Low,1973
234,Yes,921591.0,97656,15,,Yes,No,Job,High,2000
235,Yes,695087.0,132491,15,Male,No,Yes,Job,Medium,1978
236,Yes,,69941,10,Male,Yes,No,Job,Low,1994
237,No,627968.0,85295,10,,No,No,Business,High,1975
238,No,500732.0,85347,5,Male,Yes,No,Business,Medium,1989
239,Yes,,121968,10,Female,Yes,No,Business,Medium,1979
240,Yes,,82245,20,Male,No,No,Job,Medium,1977
241,No,582789.0,112698,10,,Yes,Yes,Job,Medium,1971
242,Yes,675748.0,115189,20,Male,Yes,Yes,Job,Medium,1988
243,Yes,729863.0,121974,20,Male,Yes,Yes,Business,Medium,1990
244,No,,646851,10,,No,No,Job,Medium,1972
245,Yes,549824.0,103713,15,Male,Yes,No,Job,Medium,1986
246,Yes,528758.0,95467,5,Male,No,No,Job,High,1995
247,Yes,502000.0,114516,5,Female,Yes,Yes,Job,Medium,1970
248,No,864818.0,92902,5,Male,Yes,No,Job,Low,1976
249,Yes,660747.0,148666,15,Female,Yes,No,Job,Medium,1990
250,No,410867.0,93097,10,Female,Yes,No,Job,Medium,1973
251,No,737679.0,105293,15,Female,No,Yes,Job,Medium,1997
252,Yes,918323.0,155589,15,Male,Yes,Yes,Business,Low,1980
253,No,754869.0,125142,10,Male,No,No,Business,Low,1988
254,Yes,372094.0,49405,15,Male,No,No,Job,High,1992
255,No,527364.0,84124,15,,Yes,No,Business,Medium,1979
256,No,790036.0,84263,5,Male,Yes,Yes,Job,Medium,1973
257,No,,69965,10,Male,No,Yes,Business,Medium,1974
258,Yes,666572.0,148313,15,Female,No,Yes,Job,High,1987
259,No,716195.0,102189,10,Female,Yes,No,Business,Low,1970
260,Yes,460960.0,102670,15,Female,Yes,Yes,Business,High,1986
261,No,591071.0,106239,10,,Yes,No,Job,Medium,1985
262,No,,26401,10,Female,Yes,No,Business,Medium,1973
263,Yes,446341.0,83116,5,Female,Yes,Yes,Business,High,1979
264,No,562114.0,58712,10,Male,No,No,Business,Low,1975
265,No,412832.0,83108,15,,Yes,Yes,Job,Low,1980
266,No,,90170,10,Male,Yes,No,Business,Medium,1990
267,Yes,385478.0,64602,15,Male,No,No,Job,Medium,1976
268,Yes,533993.0,127845,20,Male,Yes,Yes,Job,High,1997
269,No,619611.0,77315,15,Female,Yes,No,Job,Medium,1978
270,Yes,816190.0,129350,15,Male,No,No,Job,High,1980
271,Yes,384620.0,80569,10,Female,Yes,No,Job,Medium,1998
272,Yes,774474.0,179940,10,Female,No,No,Business,Low,1986
273,Yes,601534.0,120692,15,,Yes,No,Job,High,1987
274,No,,62811,10,Female,Yes,No,Business,Low,1989
275,No,669315.0,134660,15,Male,Yes,No,Job,High,1993
276,No,,91020,5,Male,No,No,Job,Low,1989
277,Yes,,105952,15,Female,No,Yes,Job,High,1980
278,Yes,610470.0,148408,20,Male,No,Yes,Job,Medium,1985
279,Yes,542202.0,112891,20,Male,No,No,Business,High,1976
280,Yes,617027.0,141565,15,Male,Yes,No,Job,Low,1991
281,No,699319.0,70152,15,Female,No,Yes,Job,Medium,1973
282,Yes,837902.0,173978,15,Male,No,No,Business,High,1980
283,No,414327.0,92990,15,Female,No,Yes,Job,Medium,1983
284,Yes,919955.0,97592,5,Female,Yes,Yes,Job,Medium,1994
285,No,307186.0,70879,10,Male,Yes,Yes,Job,Medium,1982
286,Yes,577232.0,79949,10,Male,No,No,Job,Low,1999
287,No,688247.0,137507,25,Female,No,No,Business,Medium,1972
288,Yes,642148.0,141306,10,Female,Yes,No,Business,High,1979
289,No,506595.0,101014,15,Male,No,Yes,Job,High,1995
290,No,568781.0,64751,15,Male,No,Yes,Job,Medium,1991
291,No,526049.0,99659,15,Female,No,Yes,Business,Medium,1979
292,No,511595.0,93334,15,Female,No,No,Business,Medium,1974
293,No,727440.0,170983,10,Female,Yes,Yes,Job,High,1999
294,Yes,653552.0,104983,15,Female,Yes,Yes,Business,Medium,1995
295,No,,73497,20,Female,Yes,No,Business,Low,1985
296,No,734939.0,156158,10,Male,No,Yes,Business,High,1998
297,No,646094.0,104603,10,Female,No,Yes,Business,Medium,1988
298,No,721929.0,142158,15,Female,Yes,No,Job,Medium,1975
299,Yes,694444.0,136782,20,Male,Yes,No,Job,Medium,1988
300,Yes,475650.0,110924,5,Male,Yes,Yes,Business,Medium,1987
301,No,515972.0,97933,15,Female,No,No,Business,Medium,1994
302,No,712094.0,124846,20,Female,Yes,Yes,Business,Low,1999
303,Yes,691555.0,83561,10,Male,No,No,Job,High,1970
304,No,596864.0,70048,25,Female,No,Yes,Business,Medium,1981
305,No,617599.0,76056,15,Female,Yes,No,Job,High,1978
306,Yes,791649.0,99571,15,Male,Yes,Yes,Job,Medium,1986
307,No,511264.0,100044,15,Female,No,No,Business,Medium,2000
308,No,682064.0,144015,5,,Yes,No,Business,Medium,1973
309,No,569671.0,102255,10,Male,Yes,No,Business,High,1988
310,No,567347.0,127285,10,Male,No,No,Job,Medium,1972
311,Yes,764816.0,190201,10,Male,No,No,Job,Medium,1999
312,Yes,723812.0,161411,10,Female,No,No,Business,Medium,1973
313,Yes,722026.0,147461,20,Male,No,No,Job,Medium,1997
314,Yes,795821.0,143147,20,,No,Yes,Business,Medium,1980
315,No,603150.0,100923,15,Female,Yes,Yes,Job,Low,1976
316,Yes,702292.0,79119,20,,No,No,Job,Medium,1982
317,Yes,553459.0,88501,15,Female,No,No,Job,Medium,1995
318,No,648624.0,153412,10,Female,No,Yes,Job,Low,1981
319,Yes,580478.0,128403,10,Male,Yes,Yes,Job,High,1976
320,No,614549.0,81371,15,Male,No,No,Job,High,1999
321,Yes,689273.0,117170,15,,No,Yes,Job,Medium,1971
322,No,477266.0,106195,10,Male,No,Yes,Job,Medium,1974
323,No,913858.0,100622,15,Female,Yes,No,Business,Low,1985
324,Yes,449097.0,71006,5,Male,No,No,Business,Low,1993
325,No,417871.0,95181,15,Female,No,No,Job,Medium,1997
326,Yes,3094864.0,993974,20,Female,No,Yes,Job,Medium,1976
327,Yes,718749.0,80242,15,Male,Yes,No,Job,Medium,1984
328,Yes,693617.0,125808,25,Male,Yes,No,Job,Medium,1999
329,Yes,694251.0,159164,20,Male,Yes,Yes,Job,Medium,1977
330,Yes,598162.0,112779,20,Male,Yes,No,Job,Medium,1997
331,Yes,465411.0,62338,20,Female,No,Yes,Job,Medium,1996
332,Yes,3056850.0,963738,20,,No,Yes,Job,High,1988
333,No,498425.0,83495,15,Male,Yes,Yes,Business,Medium,1978
334,No,746267.0,139469,5,Female,Yes,Yes,Business,High,1981
335,Yes,577941.0,123623,10,Female,No,Yes,Job,Low,1991
336,Yes,2380875.0,546796,15,Female,No,Yes,Business,High,1996
337,No,551792.0,128814,10,Male,Yes,No,Job,Low,1984
338,Yes,,67416,10,Female,Yes,No,Business,Medium,1974
339,Yes,,80155,25,,Yes,No,Business,Medium,1996
340,No,476666.0,49627,20,Male,Yes,Yes,Job,Medium,1985
341,Yes,636553.0,101177,20,Female,No,No,Job,Medium,1987
342,No,,113895,10,Female,Yes,Yes,Business,Medium,1989
343,Yes,523958.0,92610,5,Male,Yes,No,Job,Medium,1994
344,No,529344.0,66085,5,Female,No,Yes,Job,Medium,1988
345,No,634807.0,124968,10,Female,No,No,Job,Medium,1976
346,No,382787.0,40849,5,,No,Yes,Business,Medium,1992
347,Yes,388880.0,83331,5,,No,No,Job,High,1986
348,No,492233.0,119118,20,Male,No,Yes,Job,Medium,1997
349,No,,85745,15,Male,Yes,No,Business,Low,1996
350,Yes,646636.0,114833,10,Female,Yes,Yes,Job,High,1979
351,Yes,821303.0,128810,5,,Yes,No,Job,Medium,1977
352,No,728648.0,73598,15,Male,No,No,Job,Medium,1970
353,Yes,576009.0,90940,5,Male,Yes,No,Job,Medium,1978
354,Yes,597147.0,130630,20,Male,No,Yes,Business,High,1995
355,No,449620.0,85157,10,Female,Yes,Yes,Business,Medium,2000
356,Yes,597223.0,68793,10,,Yes,Yes,Job,High,1973
357,Yes,556701.0,126410,10,Female,No,Yes,Job,High,1997
358,Yes,648407.0,116494,5,Male,No,Yes,Job,Medium,1996
359,No,1903660.0,1292157,15,Male,Yes,No,Job,Medium,1978
360,Yes,677901.0,126790,15,Male,Yes,Yes,Business,Low,1994
361,Yes,829910.0,152664,15,Female,Yes,No,Business,High,1995
362,Yes,583685.0,67584,5,,Yes,No,Job,Medium,1975
363,No,660256.0,82600,15,Female,Yes,Yes,Business,High,1986
364,Yes,703521.0,172928,15,Male,No,No,Job,Medium,1979
365,No,,72482,20,Female,No,Yes,Business,Low,1976
366,No,633613.0,156260,10,Female,No,Yes,Job,Low,1990
367,No,1805664.0,649268,10,Male,No,Yes,Business,High,1987
368,No,614651.0,73984,15,Male,Yes,No,Job,Medium,1980
369,Yes,,55614,15,Female,Yes,Yes,Job,Medium,1976
370,Yes,603676.0,79280,10,Female,No,Yes,Business,High,1994
371,No,,161148,10,Female,Yes,Yes,Business,High,1974
372,No,,132562,10,Female,No,No,Business,Low,1987
373,Yes,743890.0,118512,20,Male,Yes,Yes,Job,Low,1981
374,No,,135660,10,Male,Yes,No,Business,Low,1988
375,No,484897.0,59186,20,Male,Yes,No,Job,Medium,1999
376,No,730848.0,126566,15,,No,Yes,Job,Medium,1995
377,Yes,627501.0,74990,20,Female,No,No,Job,Medium,1978
378,Yes,928470.0,209204,20,Male,No,No,Business,High,1975
379,Yes,478755.0,74474,10,,No,Yes,Job,High,1981
380,No,474041.0,74054,20,,Yes,Yes,Business,Medium,1985
381,No,510091.0,87277,5,Female,Yes,Yes,Job,Medium,1997
382,No,281415.0,46889,20,Male,Yes,No,Job,Low,1975
383,Yes,521136.0,129882,15,Male,Yes,Yes,Job,Low,1978
384,No,486130.0,88381,5,Male,No,No,Job,Low,1978
385,No,622559.0,70492,15,Female,Yes,No,Business,Low,1983
386,Yes,651263.0,124411,25,Female,Yes,No,Business,High,1991
387,No,881425.0,108184,5,Female,Yes,No,Job,Medium,1999
388,Yes,742563.0,77702,15,,No,No,Business,Medium,1970
389,Yes,513464.0,126112,15,Female,No,Yes,Job,High,1980
390,No,465237.0,100505,20,Female,No,Yes,Job,Low,1985
391,No,,166436,10,,Yes,No,Job,Low,1982
392,No,401965.0,69010,10,Male,No,No,Job,High,1995
393,No,874718.0,157308,5,,Yes,Yes,Job,High,1980
394,Yes,776916.0,97309,15,Male,Yes,Yes,Job,Medium,1973
395,Yes,529623.0,72577,10,Female,Yes,No,Job,Medium,1996
396,No,343029.0,77449,20,Male,No,No,Job,Low,1984
397,Yes,803080.0,123214,5,Female,No,Yes,Business,High,1995
398,No,582819.0,130564,15,Male,Yes,Yes,Business,High,1991
399,Yes,785672.0,162125,5,Male,Yes,No,Job,High,1984
400,Yes,360835.0,45672,5,Female,No,Yes,Job,High,1989
401,Yes,510093.0,89836,10,Female,No,Yes,Job,High,1972
402,No,600786.0,121123,10,Male,No,No,Business,Low,2000
403,No,607047.0,82106,15,Male,Yes,No,Business,Medium,1984
404,No,532490.0,119598,20,Female,Yes,No,Business,Medium,1994
405,No,693427.0,126012,15,Male,Yes,Yes,Business,High,1994
406,Yes,439856.0,54888,25,,No,No,Business,High,1971
407,No,,108465,20,,No,Yes,Job,Low,1997
408,No,618044.0,154484,15,Male,No,No,Job,Medium,1970
409,No,677165.0,83005,20,Female,Yes,No,Job,Medium,1982
410,No,706742.0,157259,15,Male,Yes,Yes,Business,Medium,1979
411,No,431303.0,56542,5,,No,Yes,Business,Medium,1994
412,Yes,369882.0,80396,15,Female,Yes,No,Job,Medium,1970
413,No,791651.0,166394,5,Male,No,No,Job,Medium,1987
414,No,649847.0,94275,15,Female,Yes,Yes,Business,Low,1996
415,Yes,487727.0,72609,15,Female,No,No,Job,High,1997
416,No,832672.0,182253,5,Female,Yes,Yes,Business,Medium,1997
417,Yes,,104466,10,Male,Yes,Yes,Job,High,1970
418,No,776894.0,162854,20,Female,No,No,Job,Medium,1982
419,No,610127.0,74556,15,Male,No,Yes,Business,Low,1995
420,No,909112.0,207171,10,Female,No,Yes,Job,Medium,1980
421,No,863301.0,178386,15,Female,No,Yes,Business,Medium,1996
422,Yes,562655.0,132809,15,Female,No,No,Job,Low,1995
423,No,,89380,15,,Yes,Yes,Job,Medium,1970
424,No,696806.0,131663,25,,No,No,Job,High,1996
425,Yes,805294.0,152899,15,Female,No,No,Job,High,1984
426,No,455261.0,69663,10,Female,No,No,Job,Medium,1983
427,Yes,702907.0,118629,20,Male,Yes,Yes,Business,Medium,1991
428,Yes,758763.0,80199,20,,No,Yes,Job,Medium,1981
429,Yes,336189.0,71231,5,Male,No,No,Business,Medium,1973
430,No,422511.0,77065,10,Female,No,No,Business,Low,1990
431,No,294115.0,31958,10,Male,Yes,Yes,Job,High,1990
432,No,559588.0,113100,15,Female,Yes,No,Business,Medium,1986
433,Yes,707631.0,120309,15,,No,No,Business,High,1984
434,No,825353.0,86801,15,Female,Yes,Yes,Job,Low,1998
435,Yes,611114.0,149992,20,Female,No,No,Business,High,1971
436,Yes,,204628,15,Female,Yes,Yes,Job,Medium,1995
437,No,392984.0,69532,5,Male,No,Yes,Business,High,1987
438,No,344492.0,39289,10,Male,Yes,No,Business,Medium,1994
439,No,591667.0,126139,10,Male,No,Yes,Business,Low,1999
440,No,657609.0,114285,10,,No,Yes,Job,Medium,1989
441,No,,86507,15,,Yes,Yes,Job,Medium,1981
442,Yes,289883.0,50356,20,Male,No,No,Business,Medium,1988
443,No,586631.0,104635,10,Female,No,No,Business,Medium,1979
444,No,404329.0,74560,15,Female,No,No,Job,Low,1972
445,Yes,700450.0,116403,15,Female,No,Yes,Business,High,1984
446,Yes,654989.0,125013,10,Male,Yes,Yes,Job,Medium,1996
447,No,459018.0,109159,5,Female,No,No,Business,High,1970
448,No,522919.0,80707,10,Male,Yes,No,Job,High,1996
449,Yes,441117.0,92130,5,Male,Yes,Yes,Business,Medium,1979
450,Yes,590598.0,138299,20,Male,Yes,No,Job,Medium,1988
451,Yes,,125164,5,Male,Yes,No,Job,Medium,1996
452,No,,75289,10,,No,No,Job,Medium,1985
453,Yes,675606.0,128579,15,,No,No,Business,High,1995
454,No,520461.0,98216,25,Male,Yes,No,Job,High,1994
455,Yes,481069.0,106310,5,Male,No,Yes,Job,Medium,1975
456,Yes,583945.0,100130,5,,Yes,No,Business,Low,1973
457,Yes,444713.0,110919,5,Female,No,No,Business,High,1975
458,Yes,516952.0,56306,5,Female,No,Yes,Job,Medium,1992
459,Yes,420318.0,42231,10,Female,No,Yes,Business,Medium,1981
460,No,894708.0,175389,15,,Yes,Yes,Job,Medium,1982
461,Yes,605289.0,87624,10,,Yes,Yes,Job,Low,1999
462,No,495041.0,67353,5,Male,No,No,Job,Low,1974
463,Yes,632096.0,92782,20,Female,Yes,No,Job,Medium,1999
464,Yes,583150.0,80712,10,Female,Yes,No,Job,High,1990
465,No,566854.0,59303,10,Female,No,No,Business,Low,1983
466,No,3460625.0,2551137,10,,Yes,Yes,Job,Medium,1996
467,No,713626.0,94992,25,,No,Yes,Business,High,1999
468,Yes,520424.0,109343,5,Female,No,No,Job,Medium,1987
469,No,,110116,20,,No,No,Job,Low,1981
470,No,558742.0,133756,15,Female,Yes,No,Business,Low,1992
471,Yes,764133.0,159828,5,Female,No,No,Job,High,1976
472,No,372721.0,86026,25,,No,Yes,Business,Medium,1981
473,No,,144168,10,Female,Yes,No,Job,Low,1997
474,Yes,846745.0,165015,5,Female,Yes,Yes,Job,High,1997
475,Yes,,110655,20,Male,Yes,Yes,Job,Medium,1975
476,No,686483.0,153064,15,,Yes,Yes,Business,Medium,1977
477,No,646687.0,97010,15,Male,No,Yes,Job,Medium,1998
478,Yes,5309160.0,2229396,5,Male,Yes,No,Job,High,1975
479,Yes,767936.0,137680,10,Male,Yes,No,Business,Medium,1974
480,No,580812.0,127203,15,Male,Yes,No,Job,Low,1971
481,No,456668.0,113519,10,Female,Yes,No,Business,Medium,1996
482,Yes,,46709,10,Female,No,Yes,Job,Medium,1990
483,Yes,630519.0,157123,5,Male,Yes,Yes,Job,Medium,1977
484,No,486547.0,55209,5,Female,No,Yes,Job,High,1978
485,No,386661.0,38800,20,Male,Yes,No,Job,Medium,1975
486,Yes,503014.0,53633,10,,No,Yes,Job,Medium,1980
487,No,437767.0,66219,25,,No,Yes,Job,Low,1995
488,No,853071.0,166294,10,Female,Yes,Yes,Business,High,1998
489,No,,80806,15,Female,No,Yes,Business,Medium,1976
490,No,598804.0,60389,10,Female,Yes,No,Job,Medium,1999
491,No,2465973.0,1779669,10,Female,No,Yes,Job,Low,1986
492,Yes,611605.0,136564,5,Male,No,Yes,Job,High,1988
493,No,470807.0,104226,10,Male,No,No,Business,High,1986
494,Yes,828468.0,192754,15,Female,Yes,No,Business,High,1973
495,No,680836.0,139574,25,Male,No,No,Business,Low,1982
496,Yes,444413.0,51401,15,,Yes,Yes,Job,High,1999
497,No,571449.0,91354,5,,No,Yes,Job,High,1984
498,Yes,468657.0,97702,5,Female,No,Yes,Business,High,1990
499,No,392580.0,55766,5,,No,Yes,Business,Medium,1998
500,Yes,,150083,15,Female,No,No,Job,High,1981
501,No,886412.0,91898,15,Male,No,Yes,Business,Medium,1975
502,No,,56940,20,Female,No,Yes,Job,High,2000
503,No,684445.0,124821,5,,Yes,No,Business,Medium,1987
504,Yes,502403.0,97874,15,Female,Yes,No,Job,Medium,1973
505,Yes,2634655.0,983020,10,Female,Yes,No,Job,Medium,2000
506,No,511140.0,104611,15,Female,No,Yes,Job,Low,1979
507,No,470401.0,47469,15,Male,Yes,Yes,Business,Low,1993
508,No,,69922,15,Male,No,Yes,Business,Medium,1973
509,No,475357.0,109494,15,Male,Yes,Yes,Job,Medium,1980
510,No,640568.0,129562,5,Female,Yes,Yes,Job,Medium,1974
511,No,592464.0,69282,15,,No,No,Business,Low,1987
512,No,564157.0,127675,5,Female,No,No,Business,Medium,1983
513,No,,63240,15,Male,Yes,Yes,Job,Medium,1971
514,No,513484.0,88185,10,Male,Yes,Yes,Job,Medium,1989
515,No,,86866,15,Male,Yes,Yes,Business,Low,1978
516,Yes,,139426,20,Male,Yes,Yes,Business,High,1979
517,Yes,453366.0,90685,20,Female,No,Yes,Job,High,1985
518,Yes,614899.0,80961,20,Male,Yes,No,Job,Medium,1982
519,Yes,712708.0,163573,15,Male,No,No,Job,High,1983
520,No,349589.0,56002,15,Female,No,No,Job,Medium,1990
521,No,681504.0,98052,15,Female,Yes,Yes,Business,High,1990
522,Yes,500606.0,61499,20,Male,No,Yes,Business,Medium,1976
523,No,685589.0,95931,10,Male,Yes,No,Business,Low,1972
524,No,485511.0,50155,25,Female,No,No,Job,Medium,1981
525,No,329267.0,61733,20,,No,Yes,Job,Medium,2000
526,Yes,355868.0,80545,15,Female,Yes,No,Business,High,1971
527,No,607212.0,110723,10,Male,No,No,Job,High,1979
528,No,638958.0,84911,5,Male,No,Yes,Business,Low,1976
529,Yes,464352.0,48780,20,Male,Yes,No,Job,Medium,1973
530,Yes,695788.0,91979,5,Female,No,No,Job,Medium,1994
531,No,350771.0,56971,20,Female,No,No,Business,Low,1986
532,No,590088.0,126244,10,Female,Yes,Yes,Business,Low,1975
533,No,418347.0,53622,10,Male,Yes,No,Job,Low,1990
534,No,502224.0,104446,20,Female,No,No,Job,Medium,1979
535,Yes,607109.0,139659,15,Male,No,No,Job,High,1979
536,Yes,470937.0,79160,15,Female,No,Yes,Job,Medium,1989
537,Yes,542316.0,121052,15,Male,Yes,Yes,Job,Medium,1978
538,No,750943.0,137571,10,Male,No,No,Business,High,1990
539,No,513466.0,100415,15,Female,No,Yes,Business,Medium,1989
540,Yes,,129795,10,Male,No,No,Job,High,1988
541,Yes,2152715.0,729666,20,Female,No,Yes,Business,Medium,1981
542,No,679470.0,91862,20,Male,No,Yes,Job,Medium,1974
543,No,816235.0,118745,10,Female,No,No,Business,Medium,1999
544,Yes,229253.0,32896,15,Female,Yes,No,Business,Medium,1991
545,No,480465.0,88642,15,Male,Yes,No,Business,Low,1987
546,No,686560.0,81009,10,Female,No,Yes,Job,Medium,1981
547,Yes,,1082216,25,,No,No,Business,Medium,1971
548,No,655671.0,136444,5,,Yes,Yes,Job,Low,1981
549,Yes,509402.0,81614,10,Female,Yes,Yes,Job,Medium,1996
550,No,612988.0,75884,15,,Yes,No,Job,Low,1993
551,No,,133954,15,,No,Yes,Job,High,1977
552,No,775167.0,173301,15,Male,No,No,Business,Medium,1981
553,Yes,,132902,15,,No,Yes,Job,High,1973
554,Yes,650640.0,91565,15,,No,No,Business,High,1972
555,No,,86312,15,Male,Yes,Yes,Job,Low,1981
556,No,526859.0,60805,5,Male,Yes,Yes,Business,High,1998
557,Yes,535116.0,68685,10,Male,Yes,No,Job,Medium,1980
558,Yes,659167.0,143337,10,,Yes,Yes,Job,Medium,1988
559,No,,111265,10,Male,No,No,Job,Medium,1979
560,No,643466.0,121629,15,Male,No,Yes,Job,Medium,2000
561,Yes,,213573,5,Female,Yes,Yes,Job,Medium,1970
562,Yes,730668.0,136992,10,Male,Yes,Yes,Business,High,1971
563,No,551096.0,93711,10,Female,Yes,No,Job,Medium,1985
564,No,780182.0,117850,20,Male,Yes,No,Business,Medium,1997
565,No,538788.0,129884,20,,Yes,No,Job,Medium,1986
566,Yes,,33079,15,Female,No,No,Job,Medium,1971
567,No,1346361.0,967896,20,Female,No,No,Job,Low,1997
568,Yes,958143.0,643890,15,Male,Yes,Yes,Job,Medium,1978
569,No,547272.0,65393,15,,Yes,Yes,Job,Medium,1998
570,Yes,602762.0,111358,5,Male,Yes,No,Job,High,2000
571,Yes,3405860.0,1566574,15,Male,No,Yes,Business,Medium,1996
572,No,,120572,15,,No,Yes,Job,Medium,1974
573,Yes,567134.0,133888,15,Male,No,Yes,Job,High,1980
574,Yes,724410.0,174907,15,,Yes,Yes,Job,Medium,1976
575,Yes,268329.0,43833,15,Female,No,No,Job,Medium,1994
576,No,635342.0,99492,15,Male,Yes,Yes,Business,Medium,1994
577,No,715629.0,172071,20,Male,No,No,Business,High,1980
578,Yes,378212.0,76123,10,Male,No,No,Job,Medium,1981
579,Yes,771563.0,90584,15,Female,No,Yes,Business,High,1988
580,No,650774.0,69205,10,Male,Yes,No,Business,Low,1985
581,Yes,537706.0,99311,15,Female,Yes,Yes,Job,High,1997
582,Yes,694917.0,166450,15,Male,No,Yes,Job,Medium,1991
583,No,940603.0,213175,5,Female,Yes,Yes,Job,Medium,1971
584,No,627279.0,126319,15,,Yes,No,Business,Low,1993
585,Yes,637233.0,77020,10,Male,Yes,No,Job,High,1993
586,Yes,,660261,15,Female,Yes,No,Business,Medium,1993
587,No,472523.0,109307,10,Male,Yes,Yes,Job,Medium,1991
588,Yes,724550.0,92322,15,Male,Yes,Yes,Business,Medium,1994
589,No,471587.0,66854,5,Male,Yes,Yes,Job,Medium,1987
590,Yes,610734.0,72946,15,Male,No,No,Job,Medium,1985
591,Yes,528351.0,106418,10,Male,Yes,Yes,Job,Low,1999
592,Yes,,162316,20,Male,Yes,Yes,Job,High,1993
593,Yes,650049.0,91231,20,Male,No,No,Job,High,1979
594,No,755630.0,129447,25,Female,No,No,Business,Low,1972
595,Yes,523497.0,102160,15,Female,No,No,Job,High,1971
596,Yes,559518.0,139834,15,Male,No,Yes,Business,Low,1984
597,Yes,453185.0,52443,10,Male,Yes,Yes,Job,Medium,1988
598,Yes,,93222,10,Male,No,Yes,Job,Medium,1980
599,Yes,2626380.0,828716,10,Female,No,No,Business,High,1978
600,No,713548.0,164025,15,Female,Yes,No,Job,High,1996
601,No,461675.0,79128,20,,Yes,No,Business,Medium,1977
602,No,730440.0,85203,5,Female,Yes,No,Business,Low,1976
603,No,803345.0,156783,20,Male,No,Yes,Job,Low,1994
604,Yes,662015.0,142741,15,,Yes,Yes,Job,High,1986
605,No,881519.0,88532,15,Male,No,Yes,Job,High,1997
606,Yes,483931.0,110744,5,Male,Yes,Yes,Business,High,1986
607,Yes,413301.0,52862,5,Female,Yes,Yes,Business,Low,1975
608,Yes,333191.0,60910,15,Female,No,Yes,Job,High,1987
609,Yes,824406.0,133858,15,,Yes,Yes,Business,High,1974
610,Yes,698154.0,145179,10,Female,Yes,Yes,Business,High,1994
611,No,591662.0,92106,15,,Yes,No,Job,Medium,1979
612,No,3209975.0,2219355,20,Male,Yes,No,Job,Low,1972
613,No,,90363,20,Female,Yes,Yes,Job,Medium,1976
614,Yes,,190623,20,Male,No,No,Business,High,1983
615,Yes,,135914,10,,No,Yes,Business,Medium,1998
616,No,616409.0,131358,10,Male,Yes,Yes,Business,Medium,1979
617,No,708864.0,74707,15,Male,No,No,Job,High,1992
618,Yes,,107013,10,Female,No,Yes,Business,High,1996
619,No,633582.0,151819,5,Male,No,Yes,Job,Medium,1988
620,No,481428.0,57221,10,Female,Yes,Yes,Job,High,1999
621,Yes,,141229,10,Male,Yes,Yes,Job,High,1982
622,Yes,882303.0,217213,10,,Yes,Yes,Job,Medium,1985
623,No,801813.0,86459,10,Female,No,Yes,Business,Medium,1986
624,No,838977.0,169749,10,Male,No,Yes,Business,Medium,1978
625,Yes,523317.0,89080,5,Female,Yes,No,Job,Medium,1982
626,No,1354677.0,506314,15,Female,Yes,No,Business,Medium,1994
627,Yes,581131.0,65552,15,Male,No,Yes,Job,Medium,1987
628,No,608358.0,64760,15,Male,No,No,Job,High,1978
629,Yes,764128.0,152848,5,Male,Yes,Yes,Job,Low,1979
630,No,346130.0,77358,10,,No,Yes,Business,High,2000
631,Yes,829432.0,180237,15,Male,No,Yes,Job,Medium,1987
632,Yes,576298.0,104638,15,Male,No,Yes,Business,Medium,1979
633,Yes,535967.0,61625,15,Female,No,No,Job,Medium,1975
634,No,448184.0,91073,10,Female,No,No,Job,Low,1998
635,No,351771.0,47940,20,Male,No,No,Job,Medium,1980
636,No,723475.0,171217,10,Female,No,No,Job,Low,1993
637,Yes,610997.0,137926,10,Female,Yes,Yes,Job,Low,1975
638,No,406505.0,83905,15,Male,Yes,No,Job,Low,1986
639,No,405738.0,98321,15,Male,No,Yes,Job,Low,1978
640,Yes,549632.0,57553,10,Female,No,Yes,Business,Low,1993
641,No,850353.0,178939,10,Male,No,No,Job,Medium,1996
642,No,561061.0,83899,15,Female,Yes,Yes,Job,Medium,2000
643,Yes,374528.0,88354,10,,Yes,No,Business,High,1982
644,No,563138.0,78840,5,Female,No,No,Business,Medium,1991
645,No,559091.0,116698,10,Female,Yes,No,Business,Low,1983
646,No,195467.0,45279,20,Female,No,No,Business,Medium,1997
647,No,591855.0,62883,5,Female,No,No,Job,Low,1997
648,No,565359.0,90257,25,Male,No,Yes,Job,Low,1984
649,Yes,704430.0,150992,15,Male,No,No,Job,High,1982
650,Yes,877343.0,147602,25,Female,No,No,Job,High,2000
651,No,768984.0,107725,20,,No,Yes,Job,Medium,1974
652,Yes,559666.0,74419,10,Male,No,No,Business,High,1979
653,Yes,434021.0,51964,5,Male,Yes,No,Job,Medium,1992
654,No,986003.0,225370,5,Female,No,Yes,Job,Low,2000
655,Yes,1826646.0,1020930,10,Female,Yes,Yes,Job,Medium,1995
656,Yes,602089.0,67107,15,,No,No,Business,Medium,1979
657,Yes,596381.0,93862,10,Female,No,Yes,Job,High,1995
658,Yes,629712.0,97706,10,Female,Yes,No,Business,Medium,1977
659,No,578345.0,73600,10,,Yes,Yes,Job,Medium,1986
660,Yes,513950.0,84969,20,Female,No,No,Business,Medium,1981
661,Yes,517971.0,77599,5,Male,Yes,No,Job,High,1988
662,No,595087.0,90019,5,Male,No,No,Business,Medium,1996
663,Yes,,109324,5,Male,No,Yes,Business,High,1982
664,No,493073.0,65820,20,,Yes,No,Job,Low,1977
665,Yes,615964.0,120900,15,Male,Yes,Yes,Business,High,1976
666,Yes,,104259,10,Male,Yes,No,Job,High,1973
667,Yes,825598.0,152912,5,Male,Yes,No,Job,High,1982
668,Yes,202354.0,40359,10,Male,No,No,Job,Medium,1985
669,No,763726.0,139194,5,Female,Yes,No,Business,Medium,1990
670,Yes,2360736.0,1094852,20,Female,Yes,No,Job,Medium,1980
671,Yes,288991.0,58184,15,Male,Yes,Yes,Job,Medium,1975
672,Yes,548596.0,99868,10,Male,Yes,Yes,Job,Medium,1972
673,Yes,,122172,20,Female,Yes,Yes,Business,Medium,1979
674,Yes,388873.0,74244,10,Female,No,No,Job,Medium,1988
675,Yes,,69440,15,Female,No,No,Job,High,1994
676,No,433413.0,56804,20,Male,Yes,Yes,Business,Medium,1974
677,No,862840.0,105999,10,Female,Yes,No,Business,Medium,1998
678,No,740351.0,173921,15,Male,No,No,Job,Low,1983
679,No,790733.0,163302,10,Male,Yes,No,Job,Medium,1974
680,No,708250.0,170409,10,Female,No,Yes,Job,High,1985
681,Yes,430642.0,82034,5,Male,No,Yes,Job,High,1983
682,No,521321.0,89151,10,Female,Yes,Yes,Business,Low,1975
683,No,673406.0,73372,15,Male,No,Yes,Business,High,1976
684,Yes,416680.0,83646,20,,Yes,Yes,Job,High,1981
685,No,706949.0,132433,15,,Yes,No,Job,High,1991
686,Yes,563951.0,140159,20,Male,No,No,Job,Medium,1982
687,Yes,543776.0,73884,20,Female,No,No,Job,High,1970
688,No,706643.0,126920,5,Female,Yes,No,Business,Medium,1970
689,Yes,666639.0,131756,10,,No,Yes,Job,Medium,1994
690,No,545855.0,107363,5,,Yes,Yes,Job,Low,1998
691,Yes,773899.0,142547,15,Male,No,No,Business,High,1978
692,No,,94809,20,Female,No,Yes,Job,Medium,1994
693,No,692390.0,90528,5,Female,Yes,No,Business,Medium,1991
694,No,688965.0,143886,15,Male,Yes,No,Business,Medium,1987
695,No,,106816,15,Female,Yes,No,Job,Medium,1970
696,No,648919.0,152113,15,Female,No,No,Job,Low,2000
697,Yes,412332.0,93632,10,Male,Yes,Yes,Job,High,1997
698,No,738604.0,108775,10,,Yes,No,Business,Low,1977
699,No,572264.0,80938,5,Female,No,Yes,Business,Medium,1990
700,Yes,521591.0,128962,10,Female,No,No,Business,High,1980
701,Yes,757351.0,135633,5,Female,Yes,No,Business,Low,1983
702,No,,116647,15,Female,Yes,No,Business,Medium,1978
703,No,388730.0,48428,5,,Yes,No,Job,High,1997
704,Yes,,431938,20,,Yes,Yes,Job,High,1975
705,Yes,690901.0,153020,15,Female,No,No,Job,High,1980
706,No,407935.0,98764,15,Male,No,Yes,Job,Medium,1983
707,No,863219.0,130001,10,,Yes,No,Job,High,1970
708,Yes,287710.0,60058,15,Male,Yes,No,Business,High,1988
709,No,4272340.0,2317596,20,Male,Yes,No,Business,High,1986
710,No,631652.0,68909,5,,No,Yes,Job,Medium,1984
711,No,585493.0,119147,10,Female,Yes,No,Job,Low,1970
712,No,518262.0,105473,15,Female,Yes,No,Job,Medium,1987
713,Yes,659870.0,158098,5,Male,No,No,Job,High,1987
714,No,594354.0,103772,5,Female,No,No,Job,Low,1970
715,Yes,765495.0,102987,10,Female,Yes,No,Job,Medium,1972
716,No,617134.0,65838,5,,Yes,Yes,Job,Low,1990
717,No,,101067,15,Male,No,Yes,Business,Medium,1970
718,No,545458.0,79248,10,Male,Yes,No,Job,Medium,1982
719,Yes,591458.0,126668,20,Female,Yes,No,Job,Medium,1989
720,Yes,646170.0,98954,15,,No,Yes,Business,High,1976
721,Yes,343474.0,83244,15,,No,No,Job,Medium,1998
722,No,397772.0,97194,15,,No,Yes,Job,Low,1986
723,No,711489.0,137414,20,,Yes,No,Job,Low,1973
724,Yes,625629.0,149712,10,Male,No,No,Job,Low,1982
725,No,572402.0,122567,20,Female,No,Yes,Business,Medium,1982
726,Yes,602765.0,109720,15,Male,Yes,No,Job,High,1974
727,Yes,652137.0,82851,15,Male,Yes,Yes,Job,High,1974
728,No,519036.0,87607,15,Male,No,Yes,Job,Medium,1972
729,Yes,483254.0,88982,10,,No,Yes,Business,Medium,1990
730,Yes,629376.0,144501,10,Male,Yes,No,Business,High,1974
731,Yes,,78048,15,Male,Yes,Yes,Job,High,1976
732,Yes,661237.0,155160,5,Male,No,Yes,Business,Medium,1995
733,No,,69319,15,Male,No,No,Business,Medium,1974
734,No,,90939,10,Female,Yes,No,Job,Low,1972
735,No,,1672172,5,Female,No,No,Job,Medium,1999
736,Yes,638404.0,114328,5,Female,Yes,No,Job,Medium,1989
737,Yes,747403.0,118671,5,Female,No,No,Business,Medium,1974
738,No,849821.0,169001,15,Male,Yes,No,Job,Low,1974
739,No,752155.0,87501,10,Female,Yes,Yes,Job,Medium,1989
740,No,323868.0,63309,25,,No,No,Business,Low,1998
741,No,408063.0,71303,15,Male,No,Yes,Business,Low,1999
742,No,506277.0,81511,5,,Yes,No,Job,Low,1971
743,Yes,603913.0,146722,15,Male,No,Yes,Job,Medium,1994
744,No,677648.0,120879,20,Male,No,Yes,Job,High,1971
745,No,,65256,15,Male,No,No,Business,High,1992
746,Yes,628015.0,106036,5,Female,Yes,No,Business,High,1990
747,Yes,486692.0,115787,20,Male,No,Yes,Job,High,1993
748,Yes,508272.0,64252,15,Female,No,No,Business,High,1970
749,Yes,389000.0,51384,5,Female,Yes,No,Job,Medium,1982
750,No,461515.0,47053,5,Male,No,Yes,Job,Medium,1988
751,No,397247.0,40570,15,Female,No,Yes,Business,Medium,1976
752,Yes,453619.0,101796,5,Female,Yes,Yes,Job,High,1974
753,No,,159051,20,Male,Yes,No,Job,Medium,1999
754,No,457590.0,70128,10,Female,No,No,Job,Medium,1974
755,Yes,3979428.0,1629548,20,Female,No,No,Business,Medium,1982
756,No,673997.0,107354,15,Female,Yes,No,Business,Low,1981
757,Yes,627725.0,152496,5,,Yes,Yes,Job,High,1998
758,Yes,471246.0,115482,5,,No,No,Job,High,1972
759,No,705046.0,112045,15,,No,Yes,Business,Medium,1987
760,Yes,513654.0,117181,15,Female,No,No,Business,High,1978
761,Yes,,133530,15,Male,Yes,No,Business,Medium,1972
762,Yes,,144157,10,Female,No,Yes,Job,Medium,1990
763,Yes,585591.0,78941,10,Male,Yes,No,Job,High,1986
764,Yes,772390.0,130329,5,Female,Yes,No,Job,High,1985
765,No,494523.0,107411,15,Male,Yes,Yes,Business,Medium,1990
766,No,594751.0,145134,5,Male,No,No,Job,Medium,1981
767,Yes,865620.0,185707,10,Female,No,Yes,Business,Medium,1995
768,Yes,505954.0,115499,15,Male,No,Yes,Job,High,1989
769,No,871867.0,166055,20,Female,Yes,Yes,Job,High,1970
770,Yes,706162.0,159106,10,Male,No,Yes,Business,High,1992
771,Yes,515629.0,112233,10,Male,Yes,No,Job,High,1980
772,No,694861.0,108778,15,Female,Yes,No,Business,Low,1970
773,Yes,745883.0,136346,15,Female,Yes,No,Business,High,1975
774,No,693271.0,153013,10,,Yes,Yes,Job,Medium,1989
775,No,,38964,20,Male,Yes,No,Job,Low,1996
776,Yes,490929.0,108599,20,Female,Yes,No,Job,High,1992
777,Yes,562872.0,71306,10,Male,No,No,Job,Medium,1988
778,No,588834.0,104342,10,Female,Yes,No,Job,Low,1981
779,No,693100.0,153342,15,Female,No,Yes,Business,Low,1996
780,No,626655.0,86524,15,Female,Yes,Yes,Business,Medium,1987
781,Yes,399698.0,54707,5,Female,No,No,Job,Medium,1995
782,No,657029.0,105397,15,Female,No,Yes,Business,Low,1990
783,Yes,691587.0,161967,15,,No,No,Job,Medium,1970
784,No,683968.0,68442,10,,No,No,Business,Low,1983
785,Yes,762117.0,179255,15,,Yes,No,Job,Medium,1992
786,No,725088.0,89237,20,,Yes,Yes,Job,Medium,1998
787,No,668877.0,166224,5,Female,Yes,No,Business,Low,1974
788,Yes,589475.0,143376,10,,Yes,Yes,Business,Low,1979
789,Yes,,61119,10,Female,No,Yes,Job,Medium,1983
790,No,664442.0,117545,20,,No,No,Business,High,1986
791,Yes,631153.0,108704,25,Male,No,Yes,Business,Medium,1997
792,Yes,3203680.0,1877193,10,,Yes,Yes,Job,Medium,1982
793,No,408487.0,46407,15,Male,No,No,Business,Medium,1996
794,No,437841.0,45926,15,,Yes,Yes,Job,Low,1992
795,Yes,757972.0,82357,15,Female,No,Yes,Job,Low,1982
796,No,594066.0,99003,10,Male,No,No,Business,Medium,1994
797,Yes,,99246,10,,No,No,Job,High,1988
798,No,604247.0,116804,10,Male,No,Yes,Job,Medium,1991
799,No,604463.0,150430,15,,No,No,Business,Medium,1982
800,Yes,740742.0,116999,5,Female,Yes,No,Job,Medium,1998
801,No,,97242,20,,No,Yes,Business,Medium,1983
802,No,614418.0,99744,5,Male,Yes,Yes,Business,Medium,1989
803,Yes,530658.0,120507,10,Female,Yes,No,Business,High,1980
804,No,,125863,15,Male,Yes,Yes,Business,High,1986
805,No,553624.0,128221,15,Male,Yes,No,Business,Medium,1984
806,Yes,633320.0,155895,5,Male,Yes,No,Job,High,1976
807,Yes,,54998,10,,Yes,Yes,Job,Medium,1977
808,Yes,788363.0,178148,25,Female,Yes,Yes,Job,Medium,1990
809,No,465808.0,99108,10,Female,Yes,No,Job,Medium,1985
810,Yes,571969.0,76817,10,,No,No,Job,High,1989
811,No,534040.0,130010,20,,No,No,Job,Low,1995
812,Yes,,99864,5,,Yes,No,Job,Medium,1985
813,No,1888449.0,762678,10,Male,Yes,Yes,Business,Medium,1999
814,No,,100938,10,Male,Yes,No,Job,Medium,1987
815,No,377165.0,62121,10,,No,Yes,Business,High,1985
816,Yes,640057.0,133051,10,Male,No,Yes,Business,Medium,1990
817,Yes,733444.0,135319,5,Male,Yes,No,Job,Low,1970
818,No,612342.0,100500,10,Male,Yes,Yes,Business,Medium,1994
819,No,759822.0,113176,5,Male,No,Yes,Business,Low,1998
820,Yes,522406.0,118037,15,Male,No,No,Job,Medium,1990
821,Yes,3245608.0,1183725,10,Male,Yes,Yes,Job,High,1971
822,Yes,944834.0,155439,10,Female,Yes,Yes,Job,High,1990
823,No,545574.0,128517,20,Female,Yes,No,Job,Medium,1999
824,No,533174.0,120965,15,,Yes,No,Business,Medium,1996
825,Yes,818007.0,130996,5,Male,No,No,Business,High,1993
826,No,836935.0,179494,20,Male,No,No,Job,Low,1986
827,Yes,521570.0,116557,10,Female,Yes,No,Business,Medium,1991
828,Yes,536971.0,125293,5,,Yes,No,Job,Medium,1978
829,No,557732.0,101326,15,Female,Yes,No,Business,Low,1979
830,Yes,398332.0,52049,15,Male,No,Yes,Job,Low,1995
831,Yes,462202.0,63920,10,Female,Yes,Yes,Job,Medium,1971
832,Yes,449378.0,64869,10,Female,Yes,No,Job,Low,1971
833,Yes,484830.0,91666,15,Female,Yes,Yes,Job,Low,1982
834,Yes,594797.0,62406,10,Male,No,Yes,Job,Medium,1971
835,Yes,,124108,20,Female,Yes,No,Business,High,1970
836,Yes,832575.0,128760,10,,No,Yes,Business,High,1973
837,Yes,450246.0,64964,20,,Yes,No,Business,Medium,1990
838,No,747648.0,173397,15,Male,Yes,Yes,Job,Medium,1975
839,Yes,567901.0,95975,20,,Yes,No,Business,Low,1989
840,Yes,,1015602,15,Male,No,Yes,Job,Medium,1988
841,Yes,701222.0,157082,15,,Yes,Yes,Business,Medium,1983
842,No,431591.0,46243,10,Male,Yes,Yes,Job,Low,1980
843,No,657361.0,137396,10,,No,No,Job,Low,1976
844,No,624967.0,135046,10,Female,No,Yes,Business,Medium,1984
845,Yes,673867.0,103027,20,,No,Yes,Business,High,1997
846,No,643375.0,143934,20,Male,Yes,No,Business,Medium,1986
847,Yes,968295.0,171726,10,Male,No,No,Job,Medium,1974
848,Yes,504339.0,85482,5,,Yes,Yes,Job,Medium,1981
849,No,520350.0,55578,10,Male,No,Yes,Business,Medium,1971
850,No,506528.0,72688,15,Female,No,Yes,Job,Low,1993
851,No,516678.0,123822,10,Male,No,Yes,Business,Medium,1981
852,Yes,504391.0,80083,15,Female,Yes,No,Job,Medium,1998
853,No,778352.0,141664,25,Male,Yes,Yes,Job,High,1990
854,No,813075.0,146193,5,Female,Yes,Yes,Job,Medium,1992
855,Yes,514388.0,96995,10,Male,Yes,No,Business,High,1996
856,Yes,475146.0,51885,10,,Yes,Yes,Job,Low,1984
857,Yes,670712.0,103508,10,Male,Yes,Yes,Job,High,1970
858,No,517166.0,107813,5,Female,Yes,Yes,Business,Medium,1977
859,Yes,694939.0,90400,5,Male,Yes,No,Business,High,1973
860,Yes,630438.0,82295,20,,Yes,No,Job,High,1976
861,No,372638.0,37827,10,Female,No,Yes,Job,Medium,1995
862,Yes,832125.0,137818,10,Male,No,Yes,Job,Medium,1998
863,Yes,869381.0,202052,20,Female,Yes,No,Job,High,1977
864,No,508081.0,54763,15,Male,Yes,Yes,Job,Medium,1988
865,Yes,541844.0,69717,5,Male,Yes,Yes,Business,Medium,1976
866,Yes,,94189,15,Male,Yes,No,Business,Medium,2000
867,Yes,650168.0,136378,10,Female,No,No,Job,High,1992
868,Yes,698781.0,137027,15,Female,No,No,Job,Medium,1989
869,Yes,901530.0,146400,15,Male,Yes,Yes,Job,High,1990
870,Yes,573457.0,122639,15,Male,No,Yes,Job,Medium,1978
871,No,480255.0,91942,10,,No,Yes,Job,High,1979
872,Yes,393102.0,92145,20,,Yes,Yes,Job,Medium,1971
873,Yes,490360.0,109205,5,Female,Yes,No,Job,High,1991
874,No,595030.0,82067,5,Male,Yes,Yes,Job,Low,1989
875,Yes,3476732.0,1467693,10,Male,Yes,Yes,Business,Medium,1996
876,Yes,,62057,5,Male,No,No,Job,High,1986
877,No,,858420,10,,Yes,No,Business,High,1973
878,No,597536.0,149343,20,Male,No,Yes,Job,Low,1975
879,Yes,778258.0,125192,20,Female,Yes,No,Job,Medium,1999
880,Yes,979039.0,130283,10,Male,No,No,Job,Medium,1972
881,No,520369.0,111552,10,Female,Yes,Yes,Job,Low,1984
882,Yes,526584.0,95506,10,,Yes,Yes,Business,Low,1984
883,No,756624.0,92641,10,Male,No,Yes,Business,Medium,1982
884,No,,1103310,5,,No,Yes,Job,High,1999
885,No,877006.0,142224,20,Male,No,No,Job,Low,1980
886,No,687589.0,146507,10,Female,Yes,No,Business,High,1998
887,Yes,546106.0,56303,10,Male,No,Yes,Job,Medium,2000
888,No,688598.0,96646,5,Male,No,Yes,Job,Medium,1988
889,Yes,,136125,20,Female,No,No,Job,Medium,1991
890,Yes,,1217598,15,Male,No,Yes,Business,Medium,1986
891,Yes,676091.0,131340,20,Female,No,Yes,Job,Medium,1970
892,No,760001.0,130933,15,Male,No,Yes,Job,Low,1975
893,Yes,775394.0,119609,10,Male,No,Yes,Job,High,1990
894,No,807323.0,195679,10,,No,No,Job,Medium,1995
895,Yes,,135851,15,Female,No,Yes,Job,Medium,1996
896,No,,68699,10,,Yes,No,Job,Low,1991
897,Yes,622007.0,114457,15,Male,Yes,Yes,Business,High,1996
898,No,780976.0,169557,5,,No,Yes,Business,High,1993
899,Yes,477459.0,98487,5,Male,Yes,No,Business,High,1987
900,Yes,655300.0,82445,15,Female,Yes,Yes,Business,High,1982
901,No,540999.0,133011,15,Female,No,No,Job,Low,1994
902,No,604311.0,101114,15,Male,No,Yes,Job,Medium,2000
903,No,791767.0,98063,5,Male,No,Yes,Job,Medium,1978
904,Yes,628664.0,79858,15,,No,Yes,Business,Medium,1994
905,Yes,606965.0,69640,5,Male,No,Yes,Job,Medium,1999
906,Yes,396021.0,87333,5,Male,No,Yes,Business,High,1985
907,No,711938.0,84225,10,,Yes,No,Business,Medium,1987
908,No,696822.0,82760,5,Female,No,No,Business,Medium,1975
909,Yes,924488.0,210386,10,Male,Yes,Yes,Job,High,1984
910,Yes,553833.0,84011,10,Male,No,Yes,Business,Medium,1971
911,No,,66216,10,Male,No,No,Job,Medium,1976
912,Yes,637407.0,68702,5,Female,Yes,No,Business,High,1989
913,Yes,,101503,5,,No,Yes,Job,High,1985
914,Yes,585705.0,77318,5,,No,Yes,Job,Medium,1972
915,Yes,641853.0,128224,5,Female,Yes,No,Job,High,1993
916,No,691184.0,85429,15,Female,No,Yes,Job,Low,1978
917,Yes,,73996,10,Female,Yes,No,Job,High,1989
918,Yes,,114446,10,Female,No,Yes,Job,Medium,1995
919,No,629113.0,126236,10,Male,No,No,Job,Low,1991
920,No,761044.0,125799,15,Female,Yes,No,Business,Low,1970
921,No,446022.0,81352,20,,No,Yes,Business,Low,1999
922,Yes,619945.0,91006,15,Male,Yes,No,Business,High,1990
923,No,494981.0,85322,15,Male,Yes,Yes,Job,Medium,1974
924,Yes,779256.0,137149,10,Male,Yes,Yes,Job,Medium,1985
925,Yes,371521.0,58732,15,,No,Yes,Job,High,1999
926,Yes,516161.0,121806,15,Male,No,Yes,Job,High,1986
927,No,656581.0,67239,10,Female,Yes,No,Job,Low,1987
928,Yes,834828.0,181429,10,Female,No,Yes,Job,Medium,1990
929,No,,70024,10,,No,Yes,Job,Medium,1985
930,No,516720.0,113488,20,Male,No,Yes,Business,Low,1983
931,Yes,,169718,15,Female,Yes,Yes,Job,Medium,1971
932,No,382797.0,86700,15,Male,No,No,Business,Medium,1971
933,Yes,270179.0,30969,10,,Yes,Yes,Job,Medium,1999
934,Yes,666002.0,122442,10,Male,No,No,Business,High,1985
935,Yes,524691.0,91906,5,,No,No,Job,Medium,2000
936,No,,1104144,5,Female,Yes,No,Job,Low,1996
937,Yes,706253.0,127226,20,Female,No,Yes,Business,Low,1980
938,No,636570.0,115289,15,Male,Yes,Yes,Business,Low,1999
939,Yes,515388.0,84750,10,Female,No,Yes,Job,Medium,1998
940,No,407954.0,59693,20,,Yes,Yes,Job,Low,1996
941,No,730868.0,125957,10,Female,No,No,Job,High,1976
942,Yes,2092590.0,739356,25,Female,No,No,Job,High,1977
943,Yes,585123.0,142902,10,Female,No,Yes,Business,Medium,1995
944,No,876995.0,181679,10,Male,Yes,Yes,Job,Medium,1997
945,Yes,1318461.0,640428,10,Male,Yes,Yes,Job,High,1996
946,Yes,371171.0,49740,5,Male,Yes,Yes,Job,Medium,1984
947,Yes,496213.0,115072,5,,No,Yes,Business,High,1996
948,Yes,593162.0,131277,15,Female,Yes,Yes,Job,Medium,1986
949,No,636500.0,128301,20,Male,Yes,Yes,Job,Medium,1973
950,No,,109241,15,Female,Yes,No,Job,Medium,1986
951,Yes,,96277,5,Male,Yes,No,Job,High,1992
952,Yes,412269.0,91714,15,Male,Yes,No,Job,Medium,1984
953,Yes,816564.0,143084,5,Male,Yes,No,Job,Medium,1974
954,No,587677.0,65016,5,,Yes,Yes,Business,Medium,1994
955,Yes,767594.0,112782,15,Female,Yes,Yes,Job,Medium,1976
956,Yes,651408.0,156529,15,Male,Yes,Yes,Job,Medium,1978
957,No,,152154,5,Female,Yes,Yes,Business,Low,1971
958,No,685465.0,169505,5,Male,No,Yes,Business,High,1980
959,Yes,667156.0,129561,25,Male,No,No,Job,Medium,1971
960,Yes,696408.0,95495,5,Male,Yes,Yes,Business,Medium,1979
961,Yes,799372.0,99459,10,Female,No,No,Job,Medium,1988
962,Yes,629478.0,80596,15,,No,Yes,Job,High,1988
963,Yes,706350.0,72732,5,Male,Yes,No,Business,High,1982
964,No,,93026,5,Male,Yes,Yes,Business,High,1994
965,No,816017.0,105032,10,Female,Yes,No,Job,Low,1971
966,Yes,498541.0,80638,15,Male,No,Yes,Job,Medium,1982
967,Yes,870141.0,209050,15,Female,Yes,Yes,Business,Medium,1986
968,Yes,593976.0,97757,15,Male,No,Yes,Job,Low,1986
969,Yes,,89292,25,Female,Yes,Yes,Job,High,2000
970,No,619215.0,118162,15,,No,No,Job,Low,1994
971,Yes,497842.0,68239,10,Male,No,Yes,Job,Medium,1970
972,Yes,2178288.0,668202,10,Female,Yes,No,Job,Medium,1980
973,No,502106.0,56531,15,Female,Yes,Yes,Job,Low,1983
974,No,533072.0,79971,15,Male,No,No,Business,Low,1999
975,No,316568.0,63829,15,Female,No,Yes,Job,Low,1970
976,No,532154.0,58971,15,Male,Yes,Yes,Job,High,1981
977,Yes,236418.0,30925,5,Male,Yes,No,Business,Low,1991
978,No,362414.0,56977,10,,No,Yes,Job,Low,1978
979,Yes,714062.0,176592,10,Female,Yes,Yes,Job,Medium,1983
980,Yes,,156301,5,Male,No,No,Job,High,1983
981,No,663818.0,139417,5,Female,Yes,Yes,Job,High,1972
982,No,,53424,15,Male,Yes,No,Business,Low,1980
983,No,592843.0,128735,15,Female,Yes,Yes,Job,Medium,1972
984,Yes,599459.0,130556,10,Female,No,No,Job,Medium,1997
985,Yes,,81057,10,Male,Yes,No,Business,High,1974
986,No,825509.0,205183,10,Female,No,No,Job,High,1987
987,No,731604.0,108853,5,,Yes,No,Job,Medium,1984
988,No,,136720,15,Male,No,Yes,Business,Medium,1996
989,No,604032.0,143282,15,Male,No,Yes,Job,Low,1999
990,Yes,631257.0,64212,15,Male,Yes,No,Business,Medium,1988
991,No,293739.0,49206,15,Male,No,Yes,Business,Medium,1997
992,No,562923.0,138797,15,Female,No,Yes,Business,High,1989
993,Yes,497702.0,57468,5,Male,No,Yes,Business,High,1977
994,Yes,449756.0,81931,10,,No,No,Job,Medium,1986
995,No,557834.0,137697,5,Female,Yes,Yes,Business,Medium,1986
996,Yes,869652.0,159428,25,Male,Yes,Yes,Job,High,1990
997,No,696126.0,89432,5,Female,Yes,No,Business,Low,1974
998,No,514323.0,96346,5,,No,Yes,Job,Medium,1971
999,Yes,685887.0,89622,20,,No,No,Job,High,1992
